product_id,avg_rating,review_count
P1008,4.0,4
P1001,3.6666666666666665,6
P1006,3.6,5
P1004,3.0,5
P1009,3.0,5
P1005,2.8,5
P1002,2.6666666666666665,6
P1003,2.5,4
P1007,2.0,3
P1010,1.3333333333333333,3
